-- phpMyAdmin SQL Dump
-- version 5.2.1
-- https://www.phpmyadmin.net/
--
-- Хост: 127.0.0.1
-- Время создания: Апр 13 2025 г., 16:48
-- Версия сервера: 10.4.32-MariaDB
-- Версия PHP: 8.2.12

SET SQL_MODE = "NO_AUTO_VALUE_ON_ZERO";
START TRANSACTION;
SET time_zone = "+00:00";


/*!40101 SET @OLD_CHARACTER_SET_CLIENT=@@CHARACTER_SET_CLIENT */;
/*!40101 SET @OLD_CHARACTER_SET_RESULTS=@@CHARACTER_SET_RESULTS */;
/*!40101 SET @OLD_COLLATION_CONNECTION=@@COLLATION_CONNECTION */;
/*!40101 SET NAMES utf8mb4 */;

--
-- База данных: `mag_voll`
--

-- --------------------------------------------------------

--
-- Структура таблицы `cart`
--

CREATE TABLE `cart` (
  `id` int(11) NOT NULL,
  `user_id` int(11) NOT NULL,
  `product_id` int(11) NOT NULL,
  `quantity` int(11) DEFAULT 1,
  `size` varchar(10) DEFAULT NULL
) ENGINE=InnoDB DEFAULT CHARSET=utf8mb4 COLLATE=utf8mb4_general_ci;

-- --------------------------------------------------------

--
-- Структура таблицы `orders`
--

CREATE TABLE `orders` (
  `id` int(11) NOT NULL,
  `user_id` int(11) NOT NULL,
  `order_date` timestamp NOT NULL DEFAULT current_timestamp(),
  `status` enum('new','processing','shipped','delivered') DEFAULT 'new',
  `total` decimal(10,2) NOT NULL,
  `fullname` varchar(100) NOT NULL,
  `phone` varchar(20) NOT NULL,
  `address` text NOT NULL,
  `payment_method` varchar(50) NOT NULL
) ENGINE=InnoDB DEFAULT CHARSET=utf8mb4 COLLATE=utf8mb4_general_ci;

--
-- Дамп данных таблицы `orders`
--

INSERT INTO `orders` (`id`, `user_id`, `order_date`, `status`, `total`, `fullname`, `phone`, `address`, `payment_method`) VALUES
(1, 1, '2025-04-13 13:56:21', 'new', 4.00, 'Давлетьярова Элина Фанилевна', '88005553535', 'ул. Пушкина 22', 'card'),
(2, 2, '2025-04-13 14:22:54', 'new', 3.00, 'Султанова Алия Булатовна', '68878684444', 'ул. Уфимское шоссе 18', 'cash');

-- --------------------------------------------------------

--
-- Структура таблицы `order_items`
--

CREATE TABLE `order_items` (
  `id` int(11) NOT NULL,
  `order_id` int(11) NOT NULL,
  `product_id` int(11) NOT NULL,
  `quantity` int(11) NOT NULL,
  `size` varchar(10) DEFAULT NULL,
  `price` decimal(10,2) NOT NULL
) ENGINE=InnoDB DEFAULT CHARSET=utf8mb4 COLLATE=utf8mb4_general_ci;

--
-- Дамп данных таблицы `order_items`
--

INSERT INTO `order_items` (`id`, `order_id`, `product_id`, `quantity`, `size`, `price`) VALUES
(1, 1, 1, 1, 'S', 1500.00),
(2, 1, 2, 6, NULL, 500.00),
(3, 2, 1, 1, NULL, 1500.00),
(4, 2, 2, 3, NULL, 500.00);

-- --------------------------------------------------------

--
-- Структура таблицы `products`
--

CREATE TABLE `products` (
  `id` int(11) NOT NULL,
  `name` varchar(255) NOT NULL,
  `description` text DEFAULT NULL,
  `price` decimal(10,2) NOT NULL,
  `category` enum('Женщинам','Мужчинам','Детям и Подросткам','Инвентарь') NOT NULL,
  `image_path` varchar(255) DEFAULT NULL,
  `sizes` varchar(255) DEFAULT NULL
) ENGINE=InnoDB DEFAULT CHARSET=utf8mb4 COLLATE=utf8mb4_general_ci;

--
-- Дамп данных таблицы `products`
--

INSERT INTO `products` (`id`, `name`, `description`, `price`, `category`, `image_path`, `sizes`) VALUES
(1, 'Футболка женская', 'Классическая футболка из хлопка', 1500.00, 'Женщинам', 'img/products/womentshirt.jpg', 'S,M,L,XL'),
(2, 'Волейбольный мяч', 'Классический волейбольный мяч для волейбола', 500.00, 'Инвентарь', 'img/products/ball1.jpg', NULL);

-- --------------------------------------------------------

--
-- Структура таблицы `users`
--

CREATE TABLE `users` (
  `id` int(11) NOT NULL,
  `email` varchar(255) NOT NULL,
  `password` varchar(255) NOT NULL,
  `created_at` timestamp NOT NULL DEFAULT current_timestamp()
) ENGINE=InnoDB DEFAULT CHARSET=utf8mb4 COLLATE=utf8mb4_general_ci;

--
-- Дамп данных таблицы `users`
--

INSERT INTO `users` (`id`, `email`, `password`, `created_at`) VALUES
(1, 'MissMafin@gmail.com', '$2y$10$pSLAWsAnsM2L16PKJkTadOA.hP8uADAI4laATCH2PhGdhSbSfZMuK', '2025-04-13 09:56:02'),
(2, 'Aliya@gmail.com', '$2y$10$y06GGSrtxJBQBnENwhXqo.tvMGfQt/XJLE0pKNAJ3i48gvjdQ4zr.', '2025-04-13 14:21:52');

--
-- Индексы сохранённых таблиц
--

--
-- Индексы таблицы `cart`
--
ALTER TABLE `cart`
  ADD PRIMARY KEY (`id`),
  ADD KEY `user_id` (`user_id`),
  ADD KEY `product_id` (`product_id`);

--
-- Индексы таблицы `orders`
--
ALTER TABLE `orders`
  ADD PRIMARY KEY (`id`),
  ADD KEY `user_id` (`user_id`);

--
-- Индексы таблицы `order_items`
--
ALTER TABLE `order_items`
  ADD PRIMARY KEY (`id`),
  ADD KEY `order_id` (`order_id`),
  ADD KEY `product_id` (`product_id`);

--
-- Индексы таблицы `products`
--
ALTER TABLE `products`
  ADD PRIMARY KEY (`id`);

--
-- Индексы таблицы `users`
--
ALTER TABLE `users`
  ADD PRIMARY KEY (`id`),
  ADD UNIQUE KEY `email` (`email`);

--
-- AUTO_INCREMENT для сохранённых таблиц
--

--
-- AUTO_INCREMENT для таблицы `cart`
--
ALTER TABLE `cart`
  MODIFY `id` int(11) NOT NULL AUTO_INCREMENT, AUTO_INCREMENT=11;

--
-- AUTO_INCREMENT для таблицы `orders`
--
ALTER TABLE `orders`
  MODIFY `id` int(11) NOT NULL AUTO_INCREMENT, AUTO_INCREMENT=3;

--
-- AUTO_INCREMENT для таблицы `order_items`
--
ALTER TABLE `order_items`
  MODIFY `id` int(11) NOT NULL AUTO_INCREMENT, AUTO_INCREMENT=5;

--
-- AUTO_INCREMENT для таблицы `products`
--
ALTER TABLE `products`
  MODIFY `id` int(11) NOT NULL AUTO_INCREMENT, AUTO_INCREMENT=3;

--
-- AUTO_INCREMENT для таблицы `users`
--
ALTER TABLE `users`
  MODIFY `id` int(11) NOT NULL AUTO_INCREMENT, AUTO_INCREMENT=3;

--
-- Ограничения внешнего ключа сохраненных таблиц
--

--
-- Ограничения внешнего ключа таблицы `cart`
--
ALTER TABLE `cart`
  ADD CONSTRAINT `cart_ibfk_1` FOREIGN KEY (`user_id`) REFERENCES `users` (`id`),
  ADD CONSTRAINT `cart_ibfk_2` FOREIGN KEY (`product_id`) REFERENCES `products` (`id`);

--
-- Ограничения внешнего ключа таблицы `orders`
--
ALTER TABLE `orders`
  ADD CONSTRAINT `orders_ibfk_1` FOREIGN KEY (`user_id`) REFERENCES `users` (`id`);

--
-- Ограничения внешнего ключа таблицы `order_items`
--
ALTER TABLE `order_items`
  ADD CONSTRAINT `order_items_ibfk_1` FOREIGN KEY (`order_id`) REFERENCES `orders` (`id`),
  ADD CONSTRAINT `order_items_ibfk_2` FOREIGN KEY (`product_id`) REFERENCES `products` (`id`);
COMMIT;

/*!40101 SET CHARACTER_SET_CLIENT=@OLD_CHARACTER_SET_CLIENT */;
/*!40101 SET CHARACTER_SET_RESULTS=@OLD_CHARACTER_SET_RESULTS */;
/*!40101 SET COLLATION_CONNECTION=@OLD_COLLATION_CONNECTION */;
